{
  "samples": 177891,
  "features": 36,
  "metrics": {
    "mae": 0.041305280826176176,
    "rmse": 0.07045278243969334,
    "r2": 0.27760529281204904,
    "pearson": 0.6055220087889424
  }
}