{
  "quintile_thresholds": {
    "0.2": -0.005973671097308397,
    "0.4": -0.0010249698534607887,
    "0.6": 0.002179553499445319,
    "0.8": 0.007098715752363205
  },
  "pred_stats": {
    "mean": 0.0019445524085313082,
    "std": 0.025456620380282402,
    "min": -0.5331332683563232,
    "max": 2.4700021743774414,
    "median": 0.0005615893169306219
  }
}