strategy,trades,win_rate,avg_win,avg_loss,expectancy
S1,99971,0.38801252363185323,0.041076730977785796,-0.023656358666448725,0.0014608908088976987
S2,28410,0.33900035198873635,0.11472763198671801,-0.04568281934834436,0.008696380116913845
S3,49510,0.48101393657846897,0.0624354769038125,-0.05946819813810217,-0.0008308315228083327
