strategy,trades,win_rate,avg_win,avg_loss,expectancy
S1,109013,0.384660545072606,0.0410464732814563,-0.023586553246710114,0.0012752219673065842
S2,29182,0.3364060037009115,0.1144672504572812,-0.045590220353891674,0.008254073764170288
S3,51895,0.484266306965989,0.06178630115047316,-0.058910739648506974,-0.0004612294390615605
